EVENT,DATE
二十,2024-01-01
廿一,2024-01-02
廿二,2024-01-03
廿三,2024-01-04
廿四,2024-01-05
小寒,2024-01-06
廿六,2024-01-07
廿七,2024-01-08
廿八,2024-01-09
廿九,2024-01-10
癸卯[兔]\\十二月,2024-01-11
初二,2024-01-12
初三,2024-01-13
初四,2024-01-14
初五,2024-01-15
初六,2024-01-16
初七,2024-01-17
腊八,2024-01-18
初九,2024-01-19
大寒,2024-01-20
十一,2024-01-21
十二,2024-01-22
十三,2024-01-23
十四,2024-01-24
十五,2024-01-25
十六,2024-01-26
十七,2024-01-27
十八,2024-01-28
十九,2024-01-29
二十,2024-01-30
廿一,2024-01-31
廿二,2024-02-01
廿三,2024-02-02
廿四,2024-02-03
立春,2024-02-04
廿六,2024-02-05
廿七,2024-02-06
廿八,2024-02-07
廿九,2024-02-08
除夕,2024-02-09
甲辰[龙]\\春节,2024-02-10
初二,2024-02-11
初三,2024-02-12
初四,2024-02-13
初五,2024-02-14
初六,2024-02-15
初七,2024-02-16
初八,2024-02-17
初九,2024-02-18
雨水,2024-02-19
十一,2024-02-20
十二,2024-02-21
十三,2024-02-22
十四,2024-02-23
元宵,2024-02-24
十六,2024-02-25
十七,2024-02-26
十八,2024-02-27
十九,2024-02-28
二十,2024-02-29
廿一,2024-03-01
廿二,2024-03-02
廿三,2024-03-03
廿四,2024-03-04
惊蛰,2024-03-05
廿六,2024-03-06
廿七,2024-03-07
廿八,2024-03-08
廿九,2024-03-09
甲辰[龙]\\二月,2024-03-10
初二,2024-03-11
初三,2024-03-12
初四,2024-03-13
初五,2024-03-14
初六,2024-03-15
初七,2024-03-16
初八,2024-03-17
初九,2024-03-18
初十,2024-03-19
春分,2024-03-20
十二,2024-03-21
十三,2024-03-22
十四,2024-03-23
十五,2024-03-24
十六,2024-03-25
十七,2024-03-26
十八,2024-03-27
十九,2024-03-28
二十,2024-03-29
廿一,2024-03-30
廿二,2024-03-31
廿三,2024-04-01
廿四,2024-04-02
寒食,2024-04-03
清明,2024-04-04
廿七,2024-04-05
廿八,2024-04-06
廿九,2024-04-07
三十,2024-04-08
甲辰[龙]\\三月,2024-04-09
初二,2024-04-10
初三,2024-04-11
初四,2024-04-12
初五,2024-04-13
初六,2024-04-14
初七,2024-04-15
初八,2024-04-16
初九,2024-04-17
初十,2024-04-18
谷雨,2024-04-19
十二,2024-04-20
十三,2024-04-21
十四,2024-04-22
十五,2024-04-23
十六,2024-04-24
十七,2024-04-25
十八,2024-04-26
十九,2024-04-27
二十,2024-04-28
廿一,2024-04-29
廿二,2024-04-30
廿三,2024-05-01
廿四,2024-05-02
廿五,2024-05-03
廿六,2024-05-04
立夏,2024-05-05
廿八,2024-05-06
廿九,2024-05-07
甲辰[龙]\\四月,2024-05-08
初二,2024-05-09
初三,2024-05-10
初四,2024-05-11
初五,2024-05-12
初六,2024-05-13
初七,2024-05-14
初八,2024-05-15
初九,2024-05-16
初十,2024-05-17
十一,2024-05-18
十二,2024-05-19
小满,2024-05-20
十四,2024-05-21
十五,2024-05-22
十六,2024-05-23
十七,2024-05-24
十八,2024-05-25
十九,2024-05-26
二十,2024-05-27
廿一,2024-05-28
廿二,2024-05-29
廿三,2024-05-30
廿四,2024-05-31
廿五,2024-06-01
廿六,2024-06-02
廿七,2024-06-03
廿八,2024-06-04
芒种,2024-06-05
甲辰[龙]\\五月,2024-06-06
初二,2024-06-07
初三,2024-06-08
初四,2024-06-09
端午,2024-06-10
初六,2024-06-11
初七,2024-06-12
初八,2024-06-13
初九,2024-06-14
初十,2024-06-15
十一,2024-06-16
十二,2024-06-17
十三,2024-06-18
十四,2024-06-19
十五,2024-06-20
夏至,2024-06-21
十七,2024-06-22
十八,2024-06-23
十九,2024-06-24
二十,2024-06-25
廿一,2024-06-26
廿二,2024-06-27
廿三,2024-06-28
廿四,2024-06-29
廿五,2024-06-30
廿六,2024-07-01
廿七,2024-07-02
廿八,2024-07-03
廿九,2024-07-04
三十,2024-07-05
甲辰[龙]\\六月~小暑,2024-07-06
初二,2024-07-07
初三,2024-07-08
初四,2024-07-09
初五,2024-07-10
初六,2024-07-11
初七,2024-07-12
初八,2024-07-13
初九,2024-07-14
初十,2024-07-15
十一,2024-07-16
十二,2024-07-17
十三,2024-07-18
十四,2024-07-19
十五,2024-07-20
十六,2024-07-21
大暑,2024-07-22
十八,2024-07-23
十九,2024-07-24
二十,2024-07-25
廿一,2024-07-26
廿二,2024-07-27
廿三,2024-07-28
廿四,2024-07-29
廿五,2024-07-30
廿六,2024-07-31
廿七,2024-08-01
廿八,2024-08-02
廿九,2024-08-03
甲辰[龙]\\七月,2024-08-04
初二,2024-08-05
初三,2024-08-06
立秋,2024-08-07
初五,2024-08-08
初六,2024-08-09
七夕,2024-08-10
初八,2024-08-11
初九,2024-08-12
初十,2024-08-13
十一,2024-08-14
十二,2024-08-15
十三,2024-08-16
十四,2024-08-17
中元,2024-08-18
十六,2024-08-19
十七,2024-08-20
十八,2024-08-21
处暑,2024-08-22
二十,2024-08-23
廿一,2024-08-24
廿二,2024-08-25
廿三,2024-08-26
廿四,2024-08-27
廿五,2024-08-28
廿六,2024-08-29
廿七,2024-08-30
廿八,2024-08-31
廿九,2024-09-01
三十,2024-09-02
甲辰[龙]\\八月,2024-09-03
初二,2024-09-04
初三,2024-09-05
初四,2024-09-06
白露,2024-09-07
初六,2024-09-08
初七,2024-09-09
初八,2024-09-10
初九,2024-09-11
初十,2024-09-12
十一,2024-09-13
十二,2024-09-14
十三,2024-09-15
十四,2024-09-16
中秋,2024-09-17
十六,2024-09-18
十七,2024-09-19
十八,2024-09-20
十九,2024-09-21
秋分,2024-09-22
廿一,2024-09-23
廿二,2024-09-24
廿三,2024-09-25
廿四,2024-09-26
廿五,2024-09-27
廿六,2024-09-28
廿七,2024-09-29
廿八,2024-09-30
廿九,2024-10-01
三十,2024-10-02
甲辰[龙]\\九月,2024-10-03
初二,2024-10-04
初三,2024-10-05
初四,2024-10-06
初五,2024-10-07
寒露,2024-10-08
初七,2024-10-09
初八,2024-10-10
重阳,2024-10-11
初十,2024-10-12
十一,2024-10-13
十二,2024-10-14
十三,2024-10-15
十四,2024-10-16
十五,2024-10-17
十六,2024-10-18
十七,2024-10-19
十八,2024-10-20
十九,2024-10-21
二十,2024-10-22
霜降,2024-10-23
廿二,2024-10-24
廿三,2024-10-25
廿四,2024-10-26
廿五,2024-10-27
廿六,2024-10-28
廿七,2024-10-29
廿八,2024-10-30
廿九,2024-10-31
甲辰[龙]\\十月,2024-11-01
初二,2024-11-02
初三,2024-11-03
初四,2024-11-04
初五,2024-11-05
初六,2024-11-06
立冬,2024-11-07
初八,2024-11-08
初九,2024-11-09
初十,2024-11-10
十一,2024-11-11
十二,2024-11-12
十三,2024-11-13
十四,2024-11-14
下元,2024-11-15
十六,2024-11-16
十七,2024-11-17
十八,2024-11-18
十九,2024-11-19
二十,2024-11-20
廿一,2024-11-21
小雪,2024-11-22
廿三,2024-11-23
廿四,2024-11-24
廿五,2024-11-25
廿六,2024-11-26
廿七,2024-11-27
廿八,2024-11-28
廿九,2024-11-29
三十,2024-11-30
甲辰[龙]\\十一月,2024-12-01
初二,2024-12-02
初三,2024-12-03
初四,2024-12-04
初五,2024-12-05
大雪,2024-12-06
初七,2024-12-07
初八,2024-12-08
初九,2024-12-09
初十,2024-12-10
十一,2024-12-11
十二,2024-12-12
十三,2024-12-13
十四,2024-12-14
十五,2024-12-15
十六,2024-12-16
十七,2024-12-17
十八,2024-12-18
十九,2024-12-19
二十,2024-12-20
冬至,2024-12-21
廿二,2024-12-22
廿三,2024-12-23
廿四,2024-12-24
廿五,2024-12-25
廿六,2024-12-26
廿七,2024-12-27
廿八,2024-12-28
廿九,2024-12-29
三十,2024-12-30
甲辰[龙]\\十二月,2024-12-31
